<?xml version="1.0" encoding="UTF-8"?>
<manifest identifier="com.example.course" version="1.0"
          xmlns="http://www.imsglobal.org/xsd/imscp_v1p1"
          xmlns:adlcp="http://www.adlnet.org/xsd/adlcp_v1p3"
          xmlns:xsi="http://www.w3.org/2001/XMLSchema-instance"
          xsi:schemaLocation="http://www.imsglobal.org/xsd/imscp_v1p1 
                              http://www.imsglobal.org/xsd/imscp_v1p1.xsd 
                              http://www.adlnet.org/xsd/adlcp_v1p3 
                              http://www.adlnet.org/xsd/adlcp_v1p3.xsd">
  <metadata>
    <schema>ADL SCORM</schema>
    <schemaversion>1.2</schemaversion>
  </metadata>
  <organizations default="org1">
    <organization identifier="org1">
      <title>Course Alignment</title>
      <item identifier="item1" identifierref="resource1">
        <title>Course Alignment Activity</title>
      </item>
    </organization>
  </organizations>
  <resources>
    <resource identifier="resource1" type="webcontent" adlcp:scormtype="sco" href="index.html">
      <file href="index.html"/>
    </resource>
  </resources>
</manifest>